discount_pct,avg(profit),avg(units_sold)
0,20109.067777420398,5.725956899324542
5,19545.346981945997,7.088672311870906
10,16858.573282125133,8.459113458153304
15,12473.295130682714,9.89973071439886
20,5917.757245917233,11.080228317742192
25,-1963.5976865313949,8.545294775523246
30,-7472.459386807555,7.879923150816523
40,-15998.612663847782,6.491462026345747
